المادة,الصف/المرحلة,الترم,الوحدة,القسم,اسم الدرس/الموضوع,الكلمات الدلالية
فلسفة ومنطق,الصف الأول الثانوي,الترم الأول,الوحدة الأولى: الفلسفة,الفصل الأول: التفكير الإنساني,معنى التفكير الإنساني وتطبيقاته,معنى التفكير الإنساني، التفكير الإنساني، مفهوم التفكير، تعريف التفكير، التفكير وتطبيقاته، تطبيقات التفكير، التفكير في الحياة اليومية، التفكير الإنساني أولى ثانوي، شرح التفكير الإنساني، درس معنى التفكير الإنساني، الفلسفة أولى ثانوي، فلسفة أولى ثانوي ترم أول
فلسفة ومنطق,الصف الأول الثانوي,الترم الأول,الوحدة الأولى: الفلسفة,الفصل الأول: التفكير الإنساني,أهمية التفكير الإنساني,أهمية التفكير الإنساني، أهمية التفكير، فوائد التفكير، دور التفكير في حياة الإنسان، التفكير وحل المشكلات، التفكير واتخاذ القرار، التفكير الإنساني أولى ثانوي، شرح أهمية التفكير الإنساني، فلسفة أولى ثانوي، فلسفة ترم أول
فلسفة ومنطق,الصف الأول الثانوي,الترم الأول,الوحدة الأولى: الفلسفة,الفصل الأول: التفكير الإنساني,الفلسفة والدين والعلم,الفلسفة والدين والعلم، العلاقة بين الفلسفة والدين والعلم، الفلسفة والعلم، الفلسفة والدين، العلم والفلسفة، التفكير الفلسفي والعلمي، الفلسفة والدين والعلم أولى ثانوي، شرح الفلسفة والدين والعلم، فلسفة أولى ثانوي ترم أول
فلسفة ومنطق,الصف الأول الثانوي,الترم الأول,الوحدة الأولى: الفلسفة,الفصل الأول: التفكير الإنساني,التفكير الناقد والتفكير الإبداعي,التفكير الناقد، التفكير النقدي، التفكير الإبداعي، الفرق بين التفكير الناقد والإبداعي، مهارات التفكير الناقد، مهارات التفكير الإبداعي، التفكير الناقد والإبداعي أولى ثانوي، شرح التفكير الناقد، شرح التفكير الإبداعي، فلسفة أولى ثانوي
فلسفة ومنطق,الصف الأول الثانوي,الترم الأول,الوحدة الأولى: الفلسفة,الفصل الثاني: الفلسفة وطبيعة الموقف الفلسفي,نشأة الفلسفة,نشأة الفلسفة، بداية الفلسفة، ظهور الفلسفة، أصل الفلسفة، تاريخ الفلسفة، نشأة الفلسفة أولى ثانوي، الفلسفة اليونانية، بدايات التفكير الفلسفي، شرح نشأة الفلسفة، فلسفة أولى ثانوي
فلسفة ومنطق,الصف الأول الثانوي,الترم الأول,الوحدة الأولى: الفلسفة,الفصل الثاني: الفلسفة وطبيعة الموقف الفلسفي,مباحث الفلسفة ومشكلاتها الأساسية,مباحث الفلسفة، فروع الفلسفة، مشكلات الفلسفة، المشكلات الفلسفية الأساسية، مبحث الوجود، مبحث المعرفة، مبحث القيم، الفلسفة ومشكلاتها، مباحث الفلسفة أولى ثانوي، شرح مباحث الفلسفة، فلسفة ترم أول
فلسفة ومنطق,الصف الأول الثانوي,الترم الأول,الوحدة الأولى: الفلسفة,الفصل الثاني: الفلسفة وطبيعة الموقف الفلسفي,تعريفات الفلسفة,تعريف الفلسفة، تعريفات الفلسفة، ما هي الفلسفة، مفهوم الفلسفة، معنى كلمة فلسفة، فيلو صوفيا، Philosophy، تعريف الفلسفة أولى ثانوي، شرح تعريف الفلسفة
فلسفة ومنطق,الصف الأول الثانوي,الترم الأول,الوحدة الأولى: الفلسفة,الفصل الثاني: الفلسفة وطبيعة الموقف الفلسفي,أهمية الفلسفة للإنسان والمجتمع,أهمية الفلسفة، أهمية الفلسفة للإنسان، أهمية الفلسفة للمجتمع، دور الفلسفة في حياة الإنسان، فوائد الفلسفة، الفلسفة والمجتمع، الفلسفة في الحياة، أهمية الفلسفة أولى ثانوي، شرح أهمية الفلسفة
فلسفة ومنطق,الصف الأول الثانوي,الترم الأول,الوحدة الأولى: الفلسفة,الفصل الثاني: الفلسفة وطبيعة الموقف الفلسفي,مهارات التفكير الفلسفي,مهارات التفكير الفلسفي، التفكير الفلسفي، مهارات الفلسفة، التساؤل الفلسفي، الحوار والمناقشة، التحليل الفلسفي، النقد الفلسفي، التفكير المنطقي، مهارات التفكير الفلسفي أولى ثانوي، شرح مهارات التفكير الفلسفي
فلسفة ومنطق,الصف الأول الثانوي,الترم الثاني,الوحدة الثانية: المنطق,الفصل الأول: المنهج العلمي (تقليدي - معاصر),مفهوم المنهج العلمي,المنهج العلمي، مفهوم المنهج العلمي، تعريف المنهج العلمي، خطوات المنهج العلمي، البحث العلمي، المنهج العلمي أولى ثانوي، شرح المنهج العلمي، المنهج العلمي تقليدي معاصر، فلسفة ومنطق أولى ثانوي
فلسفة ومنطق,الصف الأول الثانوي,الترم الثاني,الوحدة الثانية: المنطق,الفصل الأول: المنهج العلمي (تقليدي - معاصر),الاستقراء والمنهج العلمي في العصر الحديث,الاستقراء، المنهج الاستقرائي، الاستقراء والمنهج العلمي، المنهج العلمي الحديث، الاستقراء في العصر الحديث، المنهج الاستقرائي التجريبي، الاستقراء والمنهج العلمي أولى ثانوي، شرح الاستقراء، منطق أولى ثانوي ترم ثاني
فلسفة ومنطق,الصف الأول الثانوي,الترم الثاني,الوحدة الثانية: المنطق,الفصل الأول: المنهج العلمي (تقليدي - معاصر),علماء مسلمون لهم دور في المنهج الاستقرائي التجريبي,علماء مسلمون، العلماء المسلمون والمنهج العلمي، المنهج الاستقرائي التجريبي، إسهامات العلماء المسلمين، الاستقراء التجريبي، علماء مسلمون في المنهج الاستقرائي، دور العلماء المسلمين في العلم، منطق أولى ثانوي، فلسفة ومنطق ترم ثاني
فلسفة ومنطق,الصف الأول الثانوي,الترم الثاني,الوحدة الثانية: المنطق,الفصل الأول: المنهج العلمي (تقليدي - معاصر),الاستقراء والمنهج العلمي المعاصر,الاستقراء والمنهج العلمي المعاصر، المنهج العلمي المعاصر، الاستقراء المعاصر، المنهج التجريبي، الاستقراء التجريبي، الفرق بين الاستقراء التقليدي والمعاصر، الاستقراء الحديث، منطق أولى ثانوي ترم ثاني، شرح المنهج العلمي المعاصر
فلسفة ومنطق,الصف الأول الثانوي,الترم الثاني,الوحدة الثانية: المنطق,الفصل الثاني: المنطق الرياضي (طبيعته ودوره في الذكاء الاصطناعي),المنطق الرياضي,المنطق الرياضي، المنطق الرياضي أولى ثانوي، المنطق والرياضيات، التفكير المنطقي، المنطق الصوري، المنطق الرياضي والذكاء الاصطناعي، شرح المنطق الرياضي، منطق ترم ثاني
فلسفة ومنطق,الصف الأول الثانوي,الترم الثاني,الوحدة الثانية: المنطق,الفصل الثاني: المنطق الرياضي (طبيعته ودوره في الذكاء الاصطناعي),الفكر المنطقي والذكاء الاصطناعي,الفكر المنطقي، الذكاء الاصطناعي، الفكر المنطقي والذكاء الاصطناعي، المنطق والذكاء الاصطناعي، التفكير المنطقي والذكاء الاصطناعي، الذكاء الاصطناعي والمنطق أولى ثانوي، شرح الذكاء الاصطناعي والمنطق، منطق أولى ثانوي
فلسفة ومنطق,الصف الأول الثانوي,الترم الثاني,الوحدة الثانية: المنطق,الفصل الثاني: المنطق الرياضي (طبيعته ودوره في الذكاء الاصطناعي),العلاقة بين المنطق والذكاء الاصطناعي,العلاقة بين المنطق والذكاء الاصطناعي، المنطق والذكاء الاصطناعي، المنطق في الذكاء الاصطناعي، دور المنطق في الذكاء الاصطناعي، التفكير المنطقي والذكاء الاصطناعي، منطق أولى ثانوي ترم ثاني، شرح العلاقة بين المنطق والذكاء الاصطناعي
علم النفس,مرحلة البكالوريا المصرية,الجزء الأول,الوحدة الأولى: علم النفس؛ مفتاح نفسك والآخرين,الوحدة الأولى,من الفلسفة إلى المعمل: كيف نشأ علم النفس؟,علم النفس، نشأة علم النفس، تاريخ علم النفس، من الفلسفة إلى المعمل، علم النفس التجريبي، فيلهلم فونت، معمل فونت، 1879 علم النفس، المدرسة البنائية، المدرسة الوظيفية، المدرسة السلوكية، مدرسة الجشطلت، المدرسة الإنسانية، المدرسة المعرفية، منهج الاستبطان، السلوك الإنساني، علم النفس مرحلة البكالوريا، شرح نشأة علم النفس
علم النفس,مرحلة البكالوريا المصرية,الجزء الأول,الوحدة الأولى: علم النفس؛ مفتاح نفسك والآخرين,الوحدة الأولى,أنت لست مجرد رد فعل: سر المثير والاستجابة,المثير والاستجابة، المثير، الاستجابة، العلاقة بين المثير والاستجابة، المدرسة السلوكية، السلوك والتعلم، التعزيز، العادات والسلوك، البيئة وتكوين السلوك، علم النفس السلوكي، المثير والاستجابة بكالوريا، شرح المثير والاستجابة
علم النفس,مرحلة البكالوريا المصرية,الجزء الأول,الوحدة الأولى: علم النفس؛ مفتاح نفسك والآخرين,الوحدة الأولى,علم النفس في حياتك: أكثر مما تتخيل,علم النفس في الحياة اليومية، تطبيقات علم النفس، مجالات علم النفس، أهداف علم النفس، فهم السلوك، التنبؤ بالسلوك، ضبط السلوك، علم النفس التطبيقي، علم النفس في حياتك، شرح علم النفس في حياتك
علم النفس,مرحلة البكالوريا المصرية,الجزء الأول,الوحدة الأولى: علم النفس؛ مفتاح نفسك والآخرين,الوحدة الأولى,كيف يفكر عالم النفس؟,كيف يفكر عالم النفس، البحث النفسي، الملاحظة، الملاحظة المنظمة، التجربة العلمية، المنهج العلمي في علم النفس، الفرضية، جمع البيانات، تحليل النتائج، علم النفس والبحث العلمي، مناهج البحث النفسي، شرح كيف يفكر عالم النفس
علم النفس,مرحلة البكالوريا المصرية,الجزء الأول,الوحدة الثانية: عقلي المذهل: كيف يعمل ولماذا يخطئ أحيانًا؟,الوحدة الثانية,كيف يبدأ السلوك؟,كيف يبدأ السلوك، الأسس البيولوجية للسلوك، الأسس المعرفية للسلوك، الإحساس، الجهاز العصبي، المخ والسلوك، المثيرات الحسية، الاستجابة، الأسس البيولوجية والمعرفية، علم النفس بكالوريا
علم النفس,مرحلة البكالوريا المصرية,الجزء الأول,الوحدة الثانية: عقلي المذهل: كيف يعمل ولماذا يخطئ أحيانًا؟,الوحدة الثانية,لماذا أرى الأشياء بطريقتي؟ (أسرار الانتباه والإدراك),الانتباه، الإدراك، أسرار الانتباه والإدراك، الإدراك الحسي، كيف يحدث الإدراك، الانتباه الانتقائي، المثيرات الحسية، تفسير المعلومات، علم النفس المعرفي، شرح الانتباه والإدراك
علم النفس,مرحلة البكالوريا المصرية,الجزء الأول,الوحدة الثانية: عقلي المذهل: كيف يعمل ولماذا يخطئ أحيانًا؟,الوحدة الثانية,كيف نتعلم ونحتفظ بالمعلومات؟,التعلم، الذاكرة، كيف نتعلم، الاحتفاظ بالمعلومات، الذاكرة قصيرة المدى، الذاكرة طويلة المدى، تخزين المعلومات، استرجاع المعلومات، التعلم والذاكرة، شرح التعلم والذاكرة
علم النفس,مرحلة البكالوريا المصرية,الجزء الأول,الوحدة الثانية: عقلي المذهل: كيف يعمل ولماذا يخطئ أحيانًا؟,الوحدة الثانية,كيف نفكر ونتخذ قراراتنا؟,التفكير، اتخاذ القرار، حل المشكلات، كيف نفكر، اتخاذ القرارات، العمليات العقلية، التفكير واتخاذ القرار، الاستدلال، القرار في علم النفس، شرح التفكير واتخاذ القرارات
علم النفس,مرحلة البكالوريا المصرية,الجزء الأول,الوحدة الثالثة: أنا في طور التكوين: رحلة النمو والهوية,الوحدة الثالثة,من الطفولة إلى المراهقة: كيف أتغير؟,النمو الإنساني، من الطفولة إلى المراهقة، مراحل النمو، علم نفس النمو، الطفولة، المراهقة، العوامل المؤثرة في النمو، النمو الجسمي، النمو العقلي، النمو الانفعالي، النمو الاجتماعي، الفروق الفردية في النمو، شرح النمو الإنساني
علم النفس,مرحلة البكالوريا المصرية,الجزء الأول,الوحدة الثالثة: أنا في طور التكوين: رحلة النمو والهوية,الوحدة الثالثة,المراهقة وتكوين الهوية (من أنا؟),المراهقة، تكوين الهوية، هوية المراهق، من أنا، الهوية الشخصية، الهوية والانتماء، التغيرات في المراهقة، النمو النفسي في المراهقة، علم نفس المراهقة، شرح تكوين الهوية
علم النفس,مرحلة البكالوريا المصرية,الجزء الأول,الوحدة الثالثة: أنا في طور التكوين: رحلة النمو والهوية,الوحدة الثالثة,الانفعالات وتنظيمها (كيف أفهم مشاعري؟),الانفعالات، تنظيم الانفعالات، المشاعر، فهم المشاعر، الذكاء الانفعالي، إدارة المشاعر، الغضب والخوف والحزن، التنظيم الانفعالي، علم النفس الانفعالي، شرح الانفعالات وتنظيمها
علم النفس,مرحلة البكالوريا المصرية,الجزء الأول,الوحدة الثالثة: أنا في طور التكوين: رحلة النمو والهوية,الوحدة الثالثة,مهارات الحياة والتكيف النفسي,مهارات الحياة، التكيف النفسي، التكيف، المهارات النفسية، التوافق النفسي، مواجهة الضغوط، حل المشكلات، التعامل مع المواقف، مهارات الحياة والتكيف النفسي، علم النفس بكالوريا
علم النفس,مرحلة البكالوريا المصرية,الجزء الثاني,الوحدة الرابعة: قدراتي تميزني (الفروق الفردية والذكاءات),الوحدة الرابعة,الفروق الفردية بين الناس,الفروق الفردية، الفروق الفردية بين الناس، الفروق الفردية في علم النفس، أنواع الفروق الفردية، فروق بين الأفراد، فروق داخل الفرد، الخصائص العامة للفروق الفردية، المنحنى الجرسي، الميول، القدرات، الفروق الفردية بكالوريا
علم النفس,مرحلة البكالوريا المصرية,الجزء الثاني,الوحدة الرابعة: قدراتي تميزني (الفروق الفردية والذكاءات),الوحدة الرابعة,الذكاءات المتعددة (كيف نكون أذكياء بطرق مختلفة؟),الذكاءات المتعددة، نظرية الذكاءات المتعددة، الذكاء المتعدد، أنواع الذكاء، الذكاء الوجداني، الذكاء العاطفي، كيف نكون أذكياء بطرق مختلفة، الذكاء في علم النفس، شرح الذكاءات المتعددة
علم النفس,مرحلة البكالوريا المصرية,الجزء الثاني,الوحدة الرابعة: قدراتي تميزني (الفروق الفردية والذكاءات),الوحدة الرابعة,الذكاء الرقمي (كيف نستخدم قدراتنا في عالم التكنولوجيا؟),الذكاء الرقمي، الذكاء الرقمي في علم النفس، العصر الرقمي، التكنولوجيا والذكاء، استخدام التكنولوجيا، المهارات الرقمية، التفكير الناقد والوسائط الرقمية، مخاطر التكنولوجيا، الذكاء الرقمي بكالوريا
علم النفس,مرحلة البكالوريا المصرية,الجزء الثاني,الوحدة الرابعة: قدراتي تميزني (الفروق الفردية والذكاءات),الوحدة الرابعة,الموهبة وتنميتها (كيف أكتشف موهبتي؟),الموهبة، تنمية الموهبة، اكتشاف الموهبة، الموهوبون، الفرق بين الموهبة والذكاء والمهارة، سمات الموهوبين، رعاية الموهوبين، الموهبة في علم النفس، شرح الموهبة وتنميتها
علم النفس,مرحلة البكالوريا المصرية,الجزء الثاني,الوحدة الخامسة: كيف نعيش حياة أفضل؟ (الصحة النفسية وجودة الحياة),الوحدة الخامسة,صحتي النفسية: كيف أحقق التوافق مع نفسي والآخرين؟,الصحة النفسية، التوافق النفسي، التوافق الاجتماعي، الصحة النفسية والتوافق النفسي، التوافق مع الذات، التوافق مع الآخرين، الحيل الدفاعية، القلق والتوتر، الصلابة النفسية، الصحة النفسية بكالوريا
علم النفس,مرحلة البكالوريا المصرية,الجزء الثاني,الوحدة الخامسة: كيف نعيش حياة أفضل؟ (الصحة النفسية وجودة الحياة),الوحدة الخامسة,شخصيتي: كيف أفهمها وأطورها؟,الشخصية، أنماط الشخصية، فهم الشخصية، تطوير الشخصية، سمات الشخصية، الشخصية في علم النفس، الشخصية وأنماطها، شرح الشخصية، علم النفس بكالوريا
علم النفس,مرحلة البكالوريا المصرية,الجزء الثاني,الوحدة الخامسة: كيف نعيش حياة أفضل؟ (الصحة النفسية وجودة الحياة),الوحدة الخامسة,جودة حياتي: كيف أحققها في عالم متغير؟,جودة الحياة، جودة حياتي، الرفاهية النفسية، الحياة في عالم متغير، جودة الحياة النفسية، التكيف مع التغير، السعادة والرضا، الصحة النفسية وجودة الحياة
علم النفس,مرحلة البكالوريا المصرية,الجزء الثاني,الوحدة الخامسة: كيف نعيش حياة أفضل؟ (الصحة النفسية وجودة الحياة),الوحدة الخامسة,علم النفس الإيجابي: كيف أصنع به حياة أفضل؟,علم النفس الإيجابي، علم النفس الإيجابي وتطبيقاته، السعادة، الرفاهية، نقاط القوة، الحياة الأفضل، تطبيقات علم النفس الإيجابي، الصحة النفسية الإيجابية
علم النفس,مرحلة البكالوريا المصرية,الجزء الثاني,الوحدة السادسة: نحن والمجتمع (علم النفس الاجتماعي),الوحدة السادسة,سلوكي الاجتماعي: كيف أفهم الآخرين؟,السلوك الاجتماعي، فهم الآخرين، علم النفس الاجتماعي، التفاعل الاجتماعي، العلاقات الاجتماعية، السلوك الاجتماعي في علم النفس، شرح السلوك الاجتماعي
علم النفس,مرحلة البكالوريا المصرية,الجزء الثاني,الوحدة السادسة: نحن والمجتمع (علم النفس الاجتماعي),الوحدة السادسة,التأثير الاجتماعي: كيف يغير العالم الرقمي أفكاري؟,التأثير الاجتماعي، الإقناع، الإقناع الرقمي، التأثير الاجتماعي والإقناع الرقمي، العالم الرقمي، التأثير على الأفكار، وسائل التواصل الاجتماعي، علم النفس الاجتماعي الرقمي
علم النفس,مرحلة البكالوريا المصرية,الجزء الثاني,الوحدة السادسة: نحن والمجتمع (علم النفس الاجتماعي),الوحدة السادسة,هويتي وانتمائي: كيف يشكلهما العالم الرقمي؟,الهوية، الانتماء، الهوية والانتماء، الهوية الرقمية، الانتماء الرقمي، العالم الرقمي والهوية، تكوين الهوية، علم النفس الاجتماعي
علم النفس,مرحلة البكالوريا المصرية,الجزء الثاني,الوحدة السادسة: نحن والمجتمع (علم النفس الاجتماعي),الوحدة السادسة,سلوكي الرقمي: كيف أتعامل مع تحدياته؟,السلوك الرقمي، التحديات الرقمية، السلوك الاجتماعي والتحديات الرقمية، التعامل مع التكنولوجيا، المواطنة الرقمية، السلوك على الإنترنت، التحديات النفسية الرقمية، الأمان والسلوك الرقمي
فلسفة ومنطق,الصف الأول الثانوي,الترم الثاني,الوحدة الأولى: الفلسفة,الفصل الأول: الفلسفة والأخلاق البيئية والوسطية,الفكر البيئي في العصور المختلفة,الفكر البيئي، الفكر البيئي في العصور المختلفة، تاريخ الفكر البيئي، البيئة والفلسفة، الفلسفة والبيئة، الأخلاق البيئية، الفكر البيئي أولى ثانوي، فلسفة أولى ثانوي
فلسفة ومنطق,الصف الأول الثانوي,الترم الثاني,الوحدة الأولى: الفلسفة,الفصل الأول: الفلسفة والأخلاق البيئية والوسطية,رؤية الفلسفة للأخلاق البيولوجية والطبية,الأخلاق البيولوجية، الأخلاق الطبية، الفلسفة والأخلاق الطبية، الفلسفة والأخلاق البيولوجية، القضايا الطبية والأخلاقية، الأخلاق والفلسفة، فلسفة أولى ثانوي ترم ثاني
فلسفة ومنطق,الصف الأول الثانوي,الترم الثاني,الوحدة الأولى: الفلسفة,الفصل الأول: الفلسفة والأخلاق البيئية والوسطية,أخلاقيات البحث المتعلقة بالوراثة البشرية,أخلاقيات البحث، الوراثة البشرية، أخلاقيات البحث العلمي، أخلاقيات الوراثة، البحث والوراثة البشرية، الأخلاق العلمية، فلسفة أولى ثانوي، فلسفة ترم ثاني
فلسفة ومنطق,الصف الأول الثانوي,الترم الثاني,الوحدة الأولى: الفلسفة,الفصل الأول: الفلسفة والأخلاق البيئية والوسطية,معايير الأخلاقيات الطبية الحديثة,الأخلاقيات الطبية الحديثة، أخلاقيات الطب، معايير الأخلاقيات الطبية، الأخلاق الطبية، الطب والأخلاق، الفلسفة والأخلاق الطبية، فلسفة أولى ثانوي ترم ثاني
فلسفة ومنطق,الصف الأول الثانوي,الترم الثاني,الوحدة الأولى: الفلسفة,الفصل الثاني: الأخلاق المهنية ودور القيم الفلسفية في حياة الفرد,الفلسفة وأخلاقيات المهنة,الفلسفة وأخلاقيات المهنة، أخلاقيات المهنة، أخلاق المهنة، الأخلاق المهنية، الفلسفة والمهنة، القيم المهنية، فلسفة أولى ثانوي ترم ثاني
فلسفة ومنطق,الصف الأول الثانوي,الترم الثاني,الوحدة الأولى: الفلسفة,الفصل الثاني: الأخلاق المهنية ودور القيم الفلسفية في حياة الفرد,الفلسفة وعلاقتها بالقيم,الفلسفة وعلاقتها بالقيم، القيم الفلسفية، الفلسفة والقيم، علاقة الفلسفة بالقيم، القيم والأخلاق، القيم في حياة الفرد، فلسفة أولى ثانوي
فلسفة ومنطق,الصف الأول الثانوي,الترم الثاني,الوحدة الأولى: الفلسفة,الفصل الثاني: الأخلاق المهنية ودور القيم الفلسفية في حياة الفرد,القيم الفلسفية التي اكتسبها الفرد,القيم الفلسفية، القيم التي يكتسبها الفرد، اكتساب القيم، القيم في حياة الفرد، القيم والأخلاق، أثر القيم الفلسفية، فلسفة أولى ثانوي ترم ثاني
فلسفة ومنطق,الصف الأول الثانوي,الترم الثاني,الوحدة الأولى: الفلسفة,الفصل الأول: الفلسفة والأخلاق البيئية والوسطية,الفلسفة التطبيقية,الفلسفة التطبيقية، الفلسفة والبيئة، الأخلاق البيئية، فلسفة البيئة، تطبيقات الفلسفة، الفلسفة التطبيقية أولى ثانوي، فلسفة أولى ثانوي ترم ثاني
